figura,bytes,sha256
CIERRE.png,48214,abaf8bbccc70c885b97d41db560fd338
P01.png,46092,ae5bb2c69804d410f6111e6b4720a761
P02.png,39520,4d6b9679c40df970d0ba48d4fb332dd4
P03.png,49791,c4380d140d935c0e753015e4f5caf001
P04.png,43834,080d46baad66fa646f0a83a64b8d2df6
P05.png,54352,20beea48a325116d0d2ba7a23c659e66
P06.png,39033,889b2621aaeba32513d9b86d2f990bbf
P07.png,41704,eb5b6586f163d259e59e73655f94a1f8
P08.png,46584,4ced11b379fee747a1cb75e0e8256fd2
P09.png,45069,c205ea7d1fd5ea8c63e7e3358ae9437a
P10.png,43344,f2f7df35a12fb46f0ff0d6c52df6b40c
P11.png,46032,c3749158bd4c040c7f5db1b0808819f5
P12.png,52313,5629b674c9069d244470d210b19e8ea7
P13.png,49941,2d10425218193fd4e05ab02362c809b9
P14.png,60998,ed760964e2f132b2b16313a8efe262c1
P15.png,270054,ecf9f857643c0d01b500a446dcc9c25b
P16.png,109564,ba82c1ff5808d9048345539526342944
P17.png,46192,fbd48e125855eabe1c8ba5c47a45d2ab
P18.png,38037,bc5e65a989b7214f60cec12004f143da
P19.png,41329,83efb19edd010e723d20c566d4aeca35
P20.png,93762,4689ba21da5b37eaefbf5d2066fe6472
P21.png,82430,489f6a127c44330b0a98f48a7ab2550d
P22.png,57713,cc2954ee23c146d9af96d3e5c2c29a22
P23.png,148024,802d4c9ba4b271e697edee4310d90889
P23b.png,51373,b94f40ce5f55e5547548b45219f2aaaa
P24.png,134573,84c45f7fdc9339b8e409987d54a18dac
P25.png,98105,9de6c94b6231e1e3a8c31485fb8c474b
P26.png,102855,35dff00608d793285c459998a399307f
P27.png,92687,330c82824a6d031351f4a0b9b85e5ff4
P28.png,98205,8179da35dd6f3f67482fae65d6a8f069
P29.png,86177,c386507cab3649f4f7970a2e35d99ffa
P30.png,153429,2482974371bd3773e50f2fca6374ff84
P30b.png,41986,b693d258995672a6a8ac9d623fc25be9
P31.png,37530,314bd7b4adcd1be5042c6159d0e491cb
P32.png,36275,34e12823a8defbaeafc11137b730a6bf
P33.png,38144,81621cd656d77e3d3e61c589f557ad49
P34.png,38348,d37bb329cb4c40781d333c43dbcf30cc
P35.png,36480,4dfdc7c28cbae278b91468a17db72fa8
P36.png,37316,2235f55e8f0f03a62ac937e015edd34b
P37.png,37862,99ca807818375223f8943aef89afb61a
P38.png,40045,e0748cdc8a36b3e8063386fe7dfe1e7b
P39.png,117679,93dcdfd4b8f4435392fdbd49526417f5
P40.png,53662,1e56a6728d7b22f157b4fd8eaf4609a5
P41.png,128624,86f6787b56f7d5df469fcca1fcd8c8b7
P42.png,41729,13e203cb82acf1b0c2bf2446aa646407
P43.png,45686,3ac54a461deea4dc263e0399a6d5fb95
P44.png,39004,a3c37b927d78bbbfbf22df291800633f
P45.png,117543,abc5c6abc282afcdd2c4f8aeef37f250
P46.png,56487,6d7174197e24ffd4c7058b04f8d96985
P47.png,44406,6d8e3601557520efc32dbf23df259b86
P48.png,48562,5431e8a1c590ce98e8fc47826779131b
P49.png,62976,25bb8c2f036cf2985e24da3666b4a436
P50.png,40654,91b01795d499c2e0a4d0c5d45fdd10e4
P51.png,45745,f6b32db01e66a1068b873bff8669dfd2
P52.png,35475,4f33e76211f1274913411563420931f7
