fecha,trm_cop_usd,trm_volatilidad,oni_anomalia,enso_fase
2012-01-01,1842.6505555555555,33.73992127893135,-0.72,La Nina
2012-02-01,1783.7450000000001,9.36346904899995,-0.57,La Nina
2012-03-01,1767.5118181818182,9.208696529633974,-0.46,Neutral
2012-04-01,1774.1172222222222,8.116216015995397,-0.36,Neutral
2012-05-01,1790.9134999999999,32.18788204065547,-0.17,Neutral
2012-06-01,1792.2314999999999,19.407140919883254,0.06,Neutral
2012-07-01,1785.141111111111,7.858660182835299,0.3,Neutral
2012-08-01,1806.340952380952,17.010609308535066,0.41,Neutral
2012-09-01,1801.9479999999999,9.150913443045201,0.41,Neutral
2012-10-01,1805.6735,11.797499411672828,0.31,Neutral
2012-11-01,1820.5263157894738,4.9915976183608315,0.13,Neutral
2012-12-01,1793.9389999999999,14.538767014977065,-0.1,Neutral
2013-01-01,1770.2257894736842,7.243942539030194,-0.29,Neutral
2013-02-01,1791.794210526316,12.136659029471986,-0.29,Neutral
2013-03-01,1811.0663157894737,10.361310626302863,-0.21,Neutral
2013-04-01,1829.8504761904762,9.391012978476024,-0.19,Neutral
2013-05-01,1848.9240000000002,22.713537210914133,-0.27,Neutral
2013-06-01,1910.5221052631578,18.6669093969181,-0.34,Neutral
2013-07-01,1898.4265,17.7155204849484,-0.35,Neutral
2013-08-01,1905.1685714285716,24.132322782051823,-0.28,Neutral
2013-09-01,1917.7094736842107,22.066700773811558,-0.21,Neutral
2013-10-01,1885.9145454545455,6.396807036306291,-0.13,Neutral
2013-11-01,1922.333157894737,11.292638729441506,-0.1,Neutral
2013-12-01,1934.187,7.605117459904716,-0.15,Neutral
2014-01-01,1962.3073684210528,32.26357558233009,-0.28,Neutral
2014-02-01,2041.4478947368423,9.871111937223318,-0.32,Neutral
2014-03-01,2022.193,30.730692201086097,-0.14,Neutral
2014-04-01,1939.2665000000002,15.61281871277248,0.15,Neutral
2014-05-01,1915.2238095238095,9.908746376908804,0.31,Neutral
2014-06-01,1887.0155555555555,7.176997751986969,0.23,Neutral
2014-07-01,1857.764285714286,8.871554300926434,0.1,Neutral
2014-08-01,1900.0520000000001,21.836260427868304,0.11,Neutral
2014-09-01,1976.613,31.533875035219413,0.28,Neutral
2014-10-01,2047.0313636363637,16.267397806203736,0.54,El Nino
2014-11-01,2131.0788235294117,39.93190686693307,0.71,El Nino
2014-12-01,2351.1295,54.75169533304072,0.77,El Nino
2015-01-01,2400.9726315789476,28.667758281949343,0.69,El Nino
2015-02-01,2425.6494736842105,47.16347910002724,0.61,El Nino
2015-03-01,2591.058,49.46028897270179,0.65,El Nino
2015-04-01,2495.364,54.02110127679643,0.81,El Nino
2015-05-01,2440.853157894737,71.08441187557165,1.02,El Nino
2015-06-01,2556.116666666667,25.031880143717007,1.25,El Nino
2015-07-01,2731.903181818182,86.64937959750212,1.57,El Nino
2015-08-01,3023.2894736842104,117.41633605222843,1.91,El Nino
2015-09-01,3071.19,54.34958297908093,2.21,El Nino
2015-10-01,2936.030909090909,57.70122074379953,2.47,El Nino
2015-11-01,3000.20625,106.4452393095466,2.64,El Nino
2015-12-01,3244.505238095238,80.48495049504882,2.75,El Nino
2016-01-01,3291.136111111111,55.376899743154716,2.63,El Nino
2016-02-01,3358.444210526316,39.85315285391675,2.28,El Nino
2016-03-01,3145.2575,79.70470030880124,1.71,El Nino
2016-04-01,2992.005,72.51987607677277,1.05,El Nino
2016-05-01,2995.604736842105,65.41122120591479,0.49,Neutral
2016-06-01,2991.6814285714286,60.27099470605355,0.0,Neutral
2016-07-01,2969.876,60.52170523217724,-0.31,Neutral
2016-08-01,2958.2042857142856,78.17983074754157,-0.5,Neutral
2016-09-01,2919.4114285714286,41.407200133034145,-0.58,La Nina
2016-10-01,2933.5884210526315,24.15780993181604,-0.64,La Nina
2016-11-01,3102.213888888889,63.41906469146214,-0.6,La Nina
2016-12-01,3010.174,31.94863713426362,-0.45,Neutral
2017-01-01,2938.898888888889,19.337822095538353,-0.19,Neutral
2017-02-01,2880.5705263157893,19.398176739547317,-0.02,Neutral
2017-03-01,2943.4945454545455,38.14942472602177,0.18,Neutral
2017-04-01,2877.456842105263,30.811855772418927,0.31,Neutral
2017-05-01,2922.8025000000002,28.920234015759775,0.4,Neutral
2017-06-01,2958.3635,57.93356269991738,0.39,Neutral
2017-07-01,3038.108888888889,28.979807552011682,0.19,Neutral
2017-08-01,2972.6242857142856,22.257331729438764,-0.07,Neutral
2017-09-01,2918.52,15.71838763995855,-0.34,Neutral
2017-10-01,2956.702631578947,28.044311136744085,-0.6,La Nina
2017-11-01,3014.7768421052633,21.78835546612264,-0.77,La Nina
2017-12-01,2991.416842105263,21.292184025712153,-0.86,La Nina
2018-01-01,2862.182105263158,38.770468512193254,-0.77,La Nina
2018-02-01,2860.355789473684,28.05385145192277,-0.71,La Nina
2018-03-01,2848.8645,27.300480904767607,-0.57,La Nina
2018-04-01,2765.2345,38.156618722948025,-0.39,Neutral
2018-05-01,2861.7445,30.568949067726695,-0.13,Neutral
2018-06-01,2895.1025,38.25408087965713,0.06,Neutral
2018-07-01,2881.692222222222,11.567543109700129,0.14,Neutral
2018-08-01,2959.57,50.39010537794123,0.27,Neutral
2018-09-01,3033.7560000000003,39.23204858007624,0.53,El Nino
2018-10-01,3088.3514999999998,62.598739038502224,0.81,El Nino
2018-11-01,3198.226842105263,35.9529204582002,0.97,El Nino
2018-12-01,3212.4835,44.7968974812699,0.92,El Nino
2019-01-01,3159.464736842105,36.194328188025,0.89,El Nino
2019-02-01,3113.7684210526313,19.826491610737463,0.86,El Nino
2019-03-01,3127.6909523809522,35.65969796629825,0.84,El Nino
2019-04-01,3154.190526315789,46.36736321950843,0.77,El Nino
2019-05-01,3308.1866666666665,43.608443486707024,0.64,El Nino
2019-06-01,3253.3689473684212,50.34756773279315,0.52,El Nino
2019-07-01,3208.2895,29.61848364486347,0.33,Neutral
2019-08-01,3413.344761904762,46.51755782702352,0.19,Neutral
2019-09-01,3396.7094736842105,35.38773508084481,0.23,Neutral
2019-10-01,3437.725454545455,34.69790054404569,0.39,Neutral
2019-11-01,3412.4531578947367,61.02322026651755,0.58,El Nino
2019-12-01,3376.0265,72.99073418303799,0.66,El Nino
2020-01-01,3319.3089473684213,54.86627084656088,0.64,El Nino
2020-02-01,3416.3190000000004,43.96728974326736,0.63,El Nino
2020-03-01,3886.5150000000003,248.40039131463374,0.53,El Nino
2020-04-01,3986.561,68.57655137834905,0.3,Neutral
2020-05-01,3856.1160000000004,87.40561883660857,0.01,Neutral
2020-06-01,3691.5666666666666,66.95971229469427,-0.23,Neutral
2020-07-01,3660.5990909090906,44.199499125484614,-0.36,Neutral
2020-08-01,3788.0989473684212,36.42938860845702,-0.53,La Nina
2020-09-01,3752.106666666667,76.8837727568915,-0.85,La Nina
2020-10-01,3834.218636363636,26.871655503160152,-1.12,La Nina
2020-11-01,3675.2075,67.53016170571482,-1.2,La Nina
2020-12-01,3468.5038095238097,48.05185454029747,-1.08,La Nina
2021-01-01,3503.1266666666666,61.951054873988895,-0.91,La Nina
2021-02-01,3557.787368421053,30.195786652759267,-0.79,La Nina
2021-03-01,3616.6471428571426,54.262559665284435,-0.71,La Nina
2021-04-01,3651.853,31.831903906549268,-0.55,La Nina
2021-05-01,3741.9625,49.629646898963514,-0.39,Neutral
2021-06-01,3691.8284210526317,67.99788863251216,-0.3,Neutral
2021-07-01,3833.9409523809522,45.427918828046934,-0.35,Neutral
2021-08-01,3888.668,48.401646622707666,-0.45,Neutral
2021-09-01,3821.7233333333334,25.946934757950398,-0.63,La Nina
2021-10-01,3772.607,19.069822702236543,-0.76,La Nina
2021-11-01,3904.7558823529416,59.53431521597713,-0.91,La Nina
2021-12-01,3967.770909090909,42.35480620494005,-0.87,La Nina
2022-01-01,4002.193888888889,43.51477708966675,-0.82,La Nina
2022-02-01,3938.9457894736843,17.991195166212997,-0.79,La Nina
2022-03-01,3805.5213636363637,44.11199246241685,-0.86,La Nina
2022-04-01,3804.882,94.89247059033134,-0.95,La Nina
2022-05-01,4030.665,60.58846715862337,-0.9,La Nina
2022-06-01,3922.4980000000005,127.46687906647503,-0.78,La Nina
2022-07-01,4389.3255,117.26947538738077,-0.76,La Nina
2022-08-01,4328.032380952381,69.7087086313298,-0.87,La Nina
2022-09-01,4435.908571428571,53.49261605920138,-0.97,La Nina
2022-10-01,4720.735789473684,155.15705810979577,-0.94,La Nina
2022-11-01,4931.331111111112,85.64077663252624,-0.85,La Nina
2022-12-01,4790.036999999999,25.913931449278156,-0.71,La Nina
2023-01-01,4702.305,140.48002048648212,-0.54,La Nina
2023-02-01,4796.636315789474,108.04372608709652,-0.29,Neutral
2023-03-01,4760.961363636364,67.87074040272303,-0.02,Neutral
2023-04-01,4533.558421052631,76.21163211472766,0.27,Neutral
2023-05-01,4536.83,73.96353027750327,0.57,El Nino
2023-06-01,4213.527,90.53070523599327,0.84,El Nino
2023-07-01,4061.525555555556,100.67609128067873,1.12,El Nino
2023-08-01,4066.870476190476,63.65543303412448,1.37,El Nino
2023-09-01,4007.955238095238,71.81439142811497,1.6,El Nino
2023-10-01,4219.052105263158,73.69456399211748,1.83,El Nino
2023-11-01,4037.514210526316,53.218260474701815,1.99,El Nino
2023-12-01,3954.1405263157894,58.973360885674936,2.06,El Nino
2024-01-01,3926.3594736842106,17.290934514197627,1.92,El Nino
2024-02-01,3932.5550000000003,21.424415363883565,1.62,El Nino
2024-03-01,3905.1752631578947,27.48347288592436,1.26,El Nino
2024-04-01,3867.250476190476,65.18195628210228,0.82,El Nino
2024-05-01,3864.4435,31.069633385095038,0.49,Neutral
2024-06-01,4057.1266666666666,104.26393420771451,0.22,Neutral
2024-07-01,4028.2754999999997,50.396560395892585,0.08,Neutral
2024-08-01,4067.618095238095,50.983805528721305,-0.07,Neutral
2024-09-01,4195.178947368421,41.46100482444481,-0.17,Neutral
2024-10-01,4257.764090909091,63.422817860172685,-0.21,Neutral
2024-11-01,4411.831052631579,34.51797066500898,-0.3,Neutral
2024-12-01,4384.5305,35.50348336875982,-0.42,Neutral
2025-01-01,4292.266842105263,67.29229484145424,-0.45,Neutral
2025-02-01,4133.597368421053,35.37220642163147,-0.24,Neutral
2025-03-01,4133.4800000000005,29.68810305758674,-0.06,Neutral
2025-04-01,4273.878,81.77562496181083,0.02,Neutral
2025-05-01,4201.504285714285,56.451941204128374,-0.02,Neutral
2025-06-01,4113.554705882352,44.24841213502006,-0.04,Neutral
2025-07-01,4049.6923809523805,57.396673414472495,-0.14,Neutral
2025-08-01,4049.928,44.73909247838514,-0.28,Neutral
2025-09-01,3914.828,46.71302653886894,-0.4,Neutral
2025-10-01,3881.436818181818,27.099651796456254,-0.51,La Nina
2025-11-01,3779.760588235294,48.61895662580958,-0.55,La Nina
2025-12-01,3797.459,51.919654822062526,-0.54,La Nina
2026-01-01,3693.162631578947,44.15155336918837,-0.37,Neutral
2026-02-01,3678.6984210526316,36.22584087869361,-0.14,Neutral
2026-03-01,3714.8565000000003,40.773840462392386,0.13,Neutral
2026-04-01,3613.536,39.132851107343,0.51,El Nino
2026-05-01,3718.8552631578946,56.77981716619806,0.98,El Nino
2026-06-01,3497.0911764705884,68.0762502531495,,
2026-07-01,3272.01,78.27280453644163,,
2026-08-01,3144.14,,,
