mes,cif_usd,fob_usd,peso_neto_kg,peso_bruto_kg,n_registros,cif_kg
2012-01-01,903578731.81,844140746.92,749297996.43,761762937.26,20717,1.205900370900582
2012-02-01,961026439.93,895316235.29,828969934.71,841558742.5600001,21713,1.1593019236170459
2012-03-01,947091021.51,885529384.06,784204947.07,795922602.43,20364,1.2077085525264613
2012-04-01,913516501.13,855489927.28,649403066.02,661615083.82,20583,1.4067018604157098
2012-05-01,1100253483.6,1027355517.38,832133835.27,845485411.31,23646,1.3222073625248083
2012-06-01,1046155149.13,973646147.93,854424658.26,868019870.12,24070,1.2243971882324314
2012-07-01,1044248850.44,971349816.36,823341109.38,836908905.26,25218,1.268306463194034
2012-08-01,1120812736.09,1043783581.38,862222676.65,877318749.43,27579,1.2999109933465236
2012-09-01,970375778.79,905024689.17,712659960.15,726898262.24,27069,1.3616252252838172
2012-10-01,1031955472.63,965197382.51,715221765.25,730459937.94,29169,1.4428468522197284
2012-11-01,1069550358.15,998362095.59,949598508.19,963564529.34,25790,1.1263184903150663
2012-12-01,929045303.38,867067882.99,710814219.49,724152081.7,23703,1.3070156419304302
2013-01-01,1008129464.59,945798821.56,849687870.45,863606740.45,24530,1.1864703494661968
2013-02-01,902330763.33,842896734.9,745695885.82,758766856.0600001,23408,1.2100519534686145
2013-03-01,840500207.81,790553044.9,588586867.36,599934381.84,21715,1.4279968759410342
2013-04-01,1059222815.78,983929926.1,915051154.58,927866755.33,25526,1.1575558486303132
2013-05-01,1089774213.54,1028902014.56,777654800.42,792210767.46,25818,1.401359848806217
2013-06-01,979689515.62,922655042.47,760885312.11,774189735.43,24689,1.287565287471823
2013-07-01,1066708668.62,1003612320.19,887859259.87,902383870.99,28617,1.2014389181188323
2013-08-01,1098406224.29,1032929261.04,920562573.17,935567010.61,28694,1.1931901820726722
2013-09-01,1007767111.77,946980994.67,838617445.14,853049924.83,28288,1.2017006295424273
2013-10-01,1126678412.53,1061632340.12,891542713.59,908442172.27,33058,1.2637402508660212
2013-11-01,927851465.23,875498835.55,730838054.07,744107307.13,26984,1.2695719114006752
2013-12-01,975050386.58,917579432.67,773516433.76,787980777.12,29807,1.2605425612489705
2014-01-01,1001571824.47,940867160.47,767264708.82,781923651.02,26580,1.3053797639283424
2014-02-01,967939414.67,906588040.46,778561958.8,793238147.64,26803,1.2432400578136236
2014-03-01,1037697595.05,970907871.73,1015584341.55,1029640221.51,26273,1.0217739212739834
2014-04-01,1152617131.58,1081880921.68,1139970953.61,1154180966.23,29407,1.011093421222666
2014-05-01,1336612759.02,1222532586.16,1116641946.28,1132721619.85,31276,1.196993148495643
2014-06-01,1026883161.85,966750007.47,851542249.54,865176978.95,26485,1.2059098211565176
2014-07-01,1310355051.57,1235929776.18,930688766.66,948818942.06,36712,1.4079411920620075
2014-08-01,1146384481.44,1075987276.2,907671708.84,924482402.55,32324,1.2629946160876533
2014-09-01,1163365860.48,1093733586.06,897461281.36,914292949.81,34866,1.2962852934636377
2014-10-01,1292792897.9,1215861880.8,948809739.11,966441872.17,36035,1.3625417663952968
2014-11-01,1116782113.49,1046058085.7,822604403.64,838546538.86,31458,1.3576174751171675
2014-12-01,1052997032.31,984471962.47,743601790.67,759111456.76,33681,1.416076515040703
2015-01-01,1034495637.25,965835499.21,1017868538.45,1031502206.49,27860,1.01633521242863
2015-02-01,997053006.43,936026059.37,811596007.93,828334141.79,30368,1.22850900779196
2015-03-01,1018253601.5,954006672.05,892228984.95,908171450.31,30901,1.141246942966174
2015-04-01,986316894.98,928058177.37,864547972.09,878422762.93,26141,1.1408469244287625
2015-05-01,962042113.29,904688415.59,1048827530.36,1062988985.42,27519,0.9172548254523679
2015-06-01,893874528.65,845987871.56,791405341.83,807957544.33,29831,1.1294775021142214
2015-07-01,1035131227.63,981369462.9,937738618.09,956086495.4,36352,1.1038590153601338
2015-08-01,969598898.97,918797076.84,988817567.42,1006457592.57,33851,0.9805639896749156
2015-09-01,926651390.45,877905640.17,918317833.96,934898950.24,34182,1.009074806327199
2015-10-01,931333443.15,880707887.65,930910184.48,947496216.19,32717,1.0004546718652954
2015-11-01,862356992.78,820129134.99,852536054.33,869802586.38,30039,1.0115196752091828
2015-12-01,830515999.73,787657781.73,831513938.86,847100016.39,31007,0.9987998527945687
2016-01-01,826659229.26,785158140.17,987691544.63,1001369640.44,27894,0.8369609254574266
2016-02-01,784883258.64,743420596.66,883145268.92,897834665.22,27564,0.8887362999745616
2016-03-01,869143227.15,822485795.96,1002858642.22,1019293246.97,29084,0.8666657398753647
2016-04-01,885384810.98,840284169.73,1269413292.82,1283983696.72,25623,0.6974756101798169
2016-05-01,872555446.19,833653072.24,865300389.95,880649671.02,31203,1.0083844365774748
2016-06-01,851174551.54,808590663.78,701645081.22,717995068.54,35251,1.2131126894811297
2016-07-01,848300517.02,800962721.62,766335597.13,782741163.66,33361,1.1069569522764784
2016-08-01,1016524686.17,954993679.12,1011229668.9,1029244454.69,39595,1.0052362162947215
2016-09-01,967376808.69,915689958.72,975653157.19,993814203.84,36437,0.9915171201579085
2016-10-01,887479283.6,837289004.45,938954892.01,957572409.07,34023,0.945177762160856
2016-11-01,929932302.69,878199380.79,979119250.34,996826937.12,36366,0.9497640888656619
2016-12-01,902442162.03,851710181.73,796833162.75,815171312.18,39658,1.1325358986259135
2017-01-01,892316344.08,843416965.04,903126754.75,919004049.6899999,33599,0.9880300183632668
2017-02-01,936546873.45,881033830.82,1090596433.78,1106951561.94,33067,0.8587474197067881
2017-03-01,962533571.41,907296591.52,1114849057.97,1130938106.13,30292,0.8633756870752105
2017-04-01,899930204.51,850981577.3,1070938707.65,1086732410.42,30256,0.8403190566197293
2017-05-01,799523424.9,760157162.87,672119664.11,687616362.04,32791,1.1895551753551268
2017-06-01,977166413.73,921876959.41,950357449.64,969265911.63,44452,1.028209348072302
2017-07-01,863888802.86,816822669.09,762061464.15,778788604.6,42011,1.13362090001963
2017-08-01,953035684.56,897035278.88,882355962.75,899819154.93,39754,1.0801034104078762
2017-09-01,921309597.1,868049268.2,848689989.77,866809340.68,35025,1.085566706577605
2017-10-01,900622269.17,849581668.22,809600032.08,827259978.67,35090,1.1124286480771848
2017-11-01,886125133.26,833457495.52,870477441.39,887968835.28,37846,1.0179759878039039
2017-12-01,834990473.95,787312206.1,701763397.66,717905768.52,36530,1.1898461457725495
2018-01-01,931335898.77,878323584.51,946202492.81,963076766.05,36381,0.9842881474600118
2018-02-01,846594967.27,801454538.28,761944887.02,778866901.01,30830,1.1110973794719854
2018-03-01,898096019.63,846261458.39,935724217.74,952096927.54,32515,0.9597870853434988
2018-04-01,1043429951.84,987028672.1,1096780268.21,1114691765.26,33935,0.9513573339014656
2018-05-01,997314519.85,950004669.15,914365956.19,931658682.44,35056,1.090717029760854
2018-06-01,1056184777.51,1008673621.78,896802469.47,915409960.42,37189,1.1777228692670674
2018-07-01,1067653728.86,1014904863.33,949254485.24,968972435.58,39768,1.1247286638735925
2018-08-01,1170291159.11,1106920883.16,1052599522.44,1073861370.41,41983,1.1118104598766891
2018-09-01,936675328.95,887242606.43,708594357.82,726137270.34,34155,1.3218780514026307
2018-10-01,1223975355.96,1156056431.66,936557708.52,961192030.51,46305,1.30688727968957
2018-11-01,1044385176.75,984056179.54,934453610.62,953589089.56,38396,1.1176426147650729
2018-12-01,923300950.72,869773433.27,766561393.98,785221747.48,38482,1.2044709764552655
2019-01-01,1045976840.8,980204911.94,1130167441.59,1150007637.96,38774,0.9255060819381289
2019-02-01,962048587.2,908238319.26,825004668.82,842773657.88,35807,1.1661129003985071
2019-03-01,976185635.76,920290045.51,907856781.88,926276564.59,33350,1.075263913035384
2019-04-01,1025420669.72,970067305.7,986468902.55,1006024232.3,34913,1.039486056853197
2019-05-01,1050638634.07,993251020.15,931034144.6,950586669.29,38275,1.1284641279417156
2019-06-01,947650432.63,893088209.73,926806817.22,944063642.86,36431,1.0224897087750404
2019-07-01,1099669718.82,1040514019.02,969000409.96,989860813.75,44497,1.1348495908948004
2019-08-01,1194486070.26,1123149156.54,1281114247.46,1301967201.76,44293,0.9323805996446036
2019-09-01,1037885150.6,977433482.96,942459307.97,962177959.77,40574,1.1012519498964273
2019-10-01,1070682684.41,1010479133.46,937868067.98,958994661.25,44448,1.1416133259724461
2019-11-01,1022473559.26,962621644.22,1003773869.06,1022355918.2,38659,1.0186293853390622
2019-12-01,981625840.17,922058070.95,893653186.45,912003871.64,42387,1.0984416047006642
2020-01-01,1134007125.49,1064761239.15,1171049993.88,1190891878.41,42059,0.9683678164180957
2020-02-01,1019173853.37,958308476.79,974683959.11,993348705.42,38098,1.0456454565032798
2020-03-01,770357178.26,723109327.57,764708955.02,779386631.36,27405,1.007386108404932
2020-04-01,867696055.15,809673952.66,1035940118.07,1052897518.62,30960,0.8375928685593856
2020-05-01,784731171.23,734731194.07,1034139925.04,1047778146.32,25169,0.7588249445060803
2020-06-01,693549752.38,654419086.98,775027928.26,787564485.1,22104,0.894870658322049
2020-07-01,922710591.39,875596793.04,783030926.66,800818990.57,35175,1.178383330688866
2020-08-01,1010571733.2,958007996.51,945796642.81,964052857.41,33564,1.0684873338073506
2020-09-01,885711408.42,838074604.51,845465547.21,863148619.11,33640,1.0476020121018645
2020-10-01,979226425.62,916208430.49,883930362.99,902656327.41,37015,1.1078094685056974
2020-11-01,1012227971.17,941598859.0,883890480.9,903062200.39,34718,1.1451961448202537
2020-12-01,1144215880.63,1061163783.37,1008855671.79,1029545253.46,40923,1.1341720254194856
2021-01-01,1023437703.96,941096955.68,850441221.79,866443554.83,34689,1.203419681146075
2021-02-01,1164421631.99,1061598710.22,960118312.48,979461372.96,37344,1.2127897331551583
2021-03-01,1357473376.9,1232388887.77,1201685419.82,1221520788.86,42407,1.1296412143398857
2021-04-01,1236695489.09,1126837759.19,1045641366.83,1063852495.56,32581,1.1827147703989616
2021-05-01,1051123993.22,960431872.97,736746761.21,752078657.27,31354,1.4267100292286061
2021-06-01,1037027463.77,934176671.44,842349808.81,855568237.55,30107,1.2311126006368116
2021-07-01,963554873.44,857820032.48,817095393.45,829820951.61,28027,1.1792440407375302
2021-08-01,1174895412.36,1046178866.02,847625669.28,861654820.87,29509,1.3861017368173774
2021-09-01,1461702213.22,1288858583.46,918984987.25,938605660.99,41189,1.5905615798948407
2021-10-01,1550634187.1,1345893488.47,1145776391.92,1166389594.84,42164,1.3533479988198847
2021-11-01,1641059201.51,1414969990.63,996611400.9,1018363603.6,43369,1.6466390009466327
2021-12-01,1857235453.09,1598843401.93,1126470516.82,1150733105.03,49379,1.6487208722807343
2022-01-01,1683739069.57,1434087781.9,944138044.88,965537602.65,43615,1.7833611077329303
2022-02-01,1667045237.4,1437732392.27,931767395.89,952615925.29,42124,1.7891216678682793
2022-03-01,1925686740.12,1685147128.68,1273368367.55,1295356037.96,46073,1.5122778209302314
2022-04-01,1589399886.17,1402153884.96,1027042942.53,1043759508.26,32809,1.5475495915046158
2022-05-01,1570089306.63,1381591174.54,961490434.04,980482025.98,36491,1.632974443679885
2022-06-01,1737501386.79,1557171774.49,1037492701.44,1057495882.98,39094,1.6747119130365107
2022-07-01,1734319133.23,1549236921.26,963629273.1,985156998.29,46189,1.7997783812136456
2022-08-01,1938313091.96,1727824853.69,1151979822.99,1176049146.24,51657,1.6825929181025474
2022-09-01,1889318447.29,1683736189.88,1086925411.91,1110682478.14,52594,1.7382227212537007
2022-10-01,1602231183.01,1453664710.05,964891778.32,986976256.51,45564,1.6605294179205148
2022-11-01,1427770868.57,1308321856.04,864854102.36,887851651.82,48027,1.6508806105838219
2022-12-01,1519494319.1,1391987325.2,1001646315.34,1023934470.27,53367,1.5169968638922422
2023-01-01,1186481775.08,1096741472.5,702424811.76,721606270.13,43366,1.6891228145929866
2023-02-01,1268620591.39,1184524045.08,886544517.9,906614647.51,43794,1.4309722363351158
2023-03-01,1373522599.43,1286749801.15,1102719015.96,1122212314.89,37140,1.2455780480345169
2023-04-01,1269868569.18,1186755032.11,1165717791.59,1184044545.33,37096,1.0893447610917408
2023-05-01,1365575131.98,1281081183.44,1012146768.96,1031435112.91,42496,1.3491868707768087
2023-06-01,1254509358.27,1176186140.48,815275707.16,834615110.01,48359,1.5387547393507695
2023-07-01,1130046296.26,1057370896.73,833459224.08,851011989.99,43330,1.3558507286392836
2023-08-01,1215499500.04,1139268707.04,990494186.79,1009796963.41,44552,1.227164698441289
2023-09-01,1197684673.87,1122593989.77,969077170.38,989412856.76,47388,1.2359022691664039
2023-10-01,1192865871.27,1120528938.93,889633474.5,908672423.75,49942,1.3408509295813373
2023-11-01,1208643118.44,1135789648.11,838872616.21,857943004.23,46404,1.4407945796354773
2023-12-01,1281493853.02,1203307893.13,977774872.37,998871326.28,50723,1.3106226077520529
2024-01-01,1333517582.55,1251614441.97,1046693894.64,1067612969.92,53744,1.2740282420474518
2024-02-01,1310422725.79,1232376348.57,960549411.9,980418337.22,49054,1.36424291093775
2024-03-01,1147387556.45,1074606876.49,965033871.66,982604557.82,43879,1.1889609164456838
2024-04-01,1395672502.95,1305293028.39,1044311684.55,1064699760.14,41622,1.3364520608149697
2024-05-01,1538977930.88,1432174288.26,1217197470.15,1238562472.89,46762,1.2643617561005493
2024-06-01,1264234688.35,1172982006.68,930664296.19,950378881.01,45773,1.3584218214081996
2024-07-01,1464702071.8,1334619408.05,991487818.23,1013470983.98,51772,1.477276921480266
2024-08-01,1559999561.18,1403718583.75,1083967677.69,1107237267.46,57266,1.4391568985751055
2024-09-01,1477521422.48,1337490008.36,978002985.0,1001342044.32,54117,1.510753489653204
2024-10-01,1590818301.28,1453385223.04,1060155291.45,1085291213.71,55602,1.5005521493970937
2024-11-01,1632666525.88,1493121900.48,1186755906.93,1211740892.75,57555,1.3757391190101755
2024-12-01,1569950483.41,1440876486.51,1164213698.57,1187760061.59,56056,1.34850713862787
2025-01-01,1571568134.07,1449465254.27,1115690908.38,1141360946.28,58161,1.4086053066004995
2025-02-01,1643567656.45,1524976732.22,1251014746.32,1275820234.07,56280,1.3137875962571492
2025-03-01,1490016997.35,1384853755.08,1150539304.91,1173772043.05,52365,1.2950596220322566
2025-04-01,1631425034.9,1523383879.4,1246425404.66,1271436744.07,53279,1.3088830096053925
2025-05-01,1803484764.6,1687244765.61,1312429150.63,1340939693.93,63962,1.3741578078590226
2025-06-01,1586564994.86,1485847224.77,1179438538.12,1204378727.89,59841,1.345186666012246
2025-07-01,1948658767.02,1812571574.56,1204109195.79,1235038040.68,78187,1.6183405739555963
2025-08-01,1780029167.7,1657860492.4,1190370637.7,1217627092.61,65681,1.4953570857051055
2025-09-01,1757863989.54,1638516456.17,1277378332.51,1305601226.54,69940,1.3761498412814501
2025-10-01,1853763856.99,1730431660.77,1273664038.48,1302967310.9,71430,1.455457484064868
2025-11-01,1678903027.39,1570380145.18,1087619688.01,1112619880.86,62139,1.5436489849332
2025-12-01,1817763647.51,1699729229.81,1310584840.77,1339865869.86,68658,1.386986626857381
2026-01-01,1847330886.38,1729685599.69,1332863166.32,1360694147.41,73622,1.3859868987755375
2026-02-01,1811953396.11,1706876370.0,1218746382.04,1245007517.79,61708,1.4867354051768011
2026-03-01,1896814526.71,1789004441.5,1249994753.9,1275133426.86,62495,1.5174579899570888
2026-04-01,1940605241.99,1823091883.8,1352641712.16,1378712163.53,58484,1.4346779524424804
2026-05-01,1980453263.87,1853785433.6,1151370838.21,1179256023.03,61176,1.72008287698944
