anno_vigencia,mes_vigencia,tipo_carga,sum_importacion,sum_exportacion,sum_transbordo
2018,1,CARBON AL GRANEL,0,82551,0
2018,1,CONTENEDORES,461812,203833,789375
2018,1,GENERAL,316939,34581,0
2018,1,GRANEL LIQUIDO,18609,0,0
2018,1,GRANEL SOLIDO DIFER. DE CARBON,399782,34464,0
2018,2,CARBON AL GRANEL,4956,74449,0
2018,2,CONTENEDORES,391527,219845,690389
2018,2,GENERAL,295257,133,0
2018,2,GRANEL LIQUIDO,41813,0,0
2018,2,GRANEL SOLIDO DIFER. DE CARBON,355164,0,0
2018,3,CARBON AL GRANEL,81892,110078,0
2018,3,CONTENEDORES,394428,208214,582161
2018,3,GENERAL,75933,18,0
2018,3,GRANEL SOLIDO DIFER. DE CARBON,433731,0,0
2018,4,CARBON AL GRANEL,0,74116,0
2018,4,CONTENEDORES,435671,234094,697096
2018,4,GENERAL,100385,125,0
2018,4,GRANEL LIQUIDO,12459,0,0
2018,4,GRANEL SOLIDO DIFER. DE CARBON,593550,0,0
2018,5,CARBON AL GRANEL,26001,40178,0
2018,5,CONTENEDORES,499256,233712,741223
2018,5,GENERAL,87173,53,0
2018,5,GRANEL LIQUIDO,39803,0,0
2018,5,GRANEL SOLIDO DIFER. DE CARBON,523117,0,0
2018,6,CARBON AL GRANEL,0,55000,0
2018,6,CONTENEDORES,473022,242423,609889
2018,6,GENERAL,91947,11,0
2018,6,GRANEL LIQUIDO,31757,0,0
2018,6,GRANEL SOLIDO DIFER. DE CARBON,336076,0,0
2018,7,CARBON AL GRANEL,0,124000,0
2018,7,CONTENEDORES,518574,265574,522917
2018,7,GENERAL,47349,128,78
2018,7,GRANEL LIQUIDO,87124,0,0
2018,7,GRANEL SOLIDO DIFER. DE CARBON,547801,0,0
2018,8,CARBON AL GRANEL,0,84551,0
2018,8,CONTENEDORES,459848,315027,512005
2018,8,GENERAL,302984,0,85
2018,8,GRANEL LIQUIDO,125583,0,0
2018,8,GRANEL SOLIDO DIFER. DE CARBON,1185029,0,0
2018,9,CARBON AL GRANEL,0,58105,0
2018,9,CONTENEDORES,498285,272406,539408
2018,9,GENERAL,46388,31,0
2018,9,GRANEL LIQUIDO,100542,0,0
2018,9,GRANEL SOLIDO DIFER. DE CARBON,441692,0,0
2018,10,CARBON AL GRANEL,23895,75000,0
2018,10,CONTENEDORES,556049,269398,503834
2018,10,GENERAL,48821,26,0
2018,10,GRANEL LIQUIDO,36099,0,0
2018,10,GRANEL SOLIDO DIFER. DE CARBON,351146,0,0
2018,11,CARBON AL GRANEL,0,46630,0
2018,11,CONTENEDORES,472717,266729,488854
2018,11,GENERAL,76534,556,0
2018,11,GRANEL LIQUIDO,36644,0,0
2018,11,GRANEL SOLIDO DIFER. DE CARBON,460537,0,0
2018,12,CARBON AL GRANEL,95285,76631,0
2018,12,CONTENEDORES,497959,248839,629754
2018,12,GENERAL,73339,132254,0
2018,12,GRANEL LIQUIDO,31303,0,0
2018,12,GRANEL SOLIDO DIFER. DE CARBON,497735,0,0
2019,1,CARBON AL GRANEL,0,0,0
2019,1,CONTENEDORES,495786,226107,525362
2019,1,GENERAL,63199,95214,190
2019,1,GRANEL LIQUIDO,39670,0,0
2019,1,GRANEL SOLIDO DIFER. DE CARBON,615871,0,0
2019,2,CARBON AL GRANEL,43655,52745,0
2019,2,CONTENEDORES,472569,234474,453450
2019,2,GENERAL,56587,130925,0
2019,2,GRANEL LIQUIDO,29339,0,0
2019,2,GRANEL SOLIDO DIFER. DE CARBON,386918,0,0
2019,3,CARBON AL GRANEL,77000,51011,0
2019,3,CONTENEDORES,496241,267400,521574
2019,3,GENERAL,97841,48909,0
2019,3,GRANEL LIQUIDO,47262,0,0
2019,3,GRANEL SOLIDO DIFER. DE CARBON,407560,0,0
2019,4,CARBON AL GRANEL,10793,55207,0
2019,4,CONTENEDORES,973285,95696,109623
2019,4,GENERAL,21132,119000,0
2019,4,GRANEL LIQUIDO,28656,0,0
2019,4,GRANEL SOLIDO DIFER. DE CARBON,295832,0,0
2019,5,CARBON AL GRANEL,0,71730,0
2019,5,CONTENEDORES,488984,228308,419235
2019,5,GENERAL,56283,0,0
2019,5,GRANEL LIQUIDO,29418,0,0
2019,5,GRANEL SOLIDO DIFER. DE CARBON,313000,0,0
2019,6,CARBON AL GRANEL,77000,103059,0
2019,6,CONTENEDORES,930427,112424,230127
2019,6,GENERAL,9918,0,0
2019,6,GRANEL LIQUIDO,48354,0,0
2019,6,GRANEL SOLIDO DIFER. DE CARBON,469160,0,0
2019,7,CARBON AL GRANEL,0,42240,0
2019,7,CONTENEDORES,535136,274318,304269
2019,7,GENERAL,107457,83938,0
2019,7,GRANEL LIQUIDO,66097,0,0
2019,7,GRANEL SOLIDO DIFER. DE CARBON,438415,0,0
2019,8,CARBON AL GRANEL,0,29260,0
2019,8,CONTENEDORES,342744,146203,44536
2019,8,GENERAL,14517,0,0
2019,8,GRANEL SOLIDO DIFER. DE CARBON,258796,0,0
2019,9,CARBON AL GRANEL,77018,33031,0
2019,9,CONTENEDORES,500571,280108,90177
2019,9,GENERAL,94178,227830,0
2019,9,GRANEL LIQUIDO,45173,0,0
2019,9,GRANEL SOLIDO DIFER. DE CARBON,617770,0,0
2019,10,CARBON AL GRANEL,0,0,0
2019,10,CONTENEDORES,521628,312393,76478
2019,10,GENERAL,86755,22016,413
2019,10,GRANEL LIQUIDO,78145,0,0
2019,10,GRANEL SOLIDO DIFER. DE CARBON,515844,0,0
2019,11,CARBON AL GRANEL,45000,71500,0
2019,11,CONTENEDORES,429570,238565,61947
2019,11,GENERAL,78275,348,0
2019,11,GRANEL LIQUIDO,37156,0,0
2019,11,GRANEL SOLIDO DIFER. DE CARBON,501482,9000,0
2019,12,CARBON AL GRANEL,30493,0,0
2019,12,CONTENEDORES,568304,301156,72009
2019,12,GENERAL,81304,33,0
2019,12,GRANEL LIQUIDO,89934,0,0
2019,12,GRANEL SOLIDO DIFER. DE CARBON,624211,7680,0
2020,1,CARBON AL GRANEL,0,54624,0
2020,1,CONTENEDORES,472791,218565,38188
2020,1,GENERAL,78672,133,0
2020,1,GRANEL LIQUIDO,34143,5948,0
2020,1,GRANEL SOLIDO DIFER. DE CARBON,386658,0,0
2020,2,CARBON AL GRANEL,77279,94173,0
2020,2,CONTENEDORES,493866,255686,30579
2020,2,GENERAL,96834,0,19
2020,2,GRANEL LIQUIDO,34914,0,0
2020,2,GRANEL SOLIDO DIFER. DE CARBON,457456,0,0
2020,3,CARBON AL GRANEL,0,39739,0
2020,3,CONTENEDORES,402869,264133,66456
2020,3,GENERAL,84206,186,0
2020,3,GRANEL LIQUIDO,65469,0,0
2020,3,GRANEL SOLIDO DIFER. DE CARBON,464566,9500,0
2020,4,CARBON AL GRANEL,0,61300,0
2020,4,CONTENEDORES,475540,214575,62773
2020,4,GENERAL,57196,62,0
2020,4,GRANEL LIQUIDO,54664,5000,0
2020,4,GRANEL SOLIDO DIFER. DE CARBON,545094,0,0
2020,5,CARBON AL GRANEL,18244,67678,0
2020,5,CONTENEDORES,387524,240550,60910
2020,5,GENERAL,80177,0,0
2020,5,GRANEL LIQUIDO,71819,6159,0
2020,5,GRANEL SOLIDO DIFER. DE CARBON,548047,0,0
2020,6,CARBON AL GRANEL,28665,61035,0
2020,6,CONTENEDORES,330283,226289,40383
2020,6,GENERAL,45857,38259,0
2020,6,GRANEL LIQUIDO,49374,0,0
2020,6,GRANEL SOLIDO DIFER. DE CARBON,555113,18171,0
2020,7,CARBON AL GRANEL,0,35783,0
2020,7,CONTENEDORES,404392,247590,46988
2020,7,GENERAL,43983,27,0
2020,7,GRANEL LIQUIDO,41431,0,0
2020,7,GRANEL SOLIDO DIFER. DE CARBON,327887,0,0
2020,8,CARBON AL GRANEL,0,67853,0
2020,8,CONTENEDORES,441691,296872,42263
2020,8,GENERAL,32833,97,0
2020,8,GRANEL LIQUIDO,41915,12226,0
2020,8,GRANEL SOLIDO DIFER. DE CARBON,484472,0,0
2020,9,CARBON AL GRANEL,0,174589,0
2020,9,CONTENEDORES,406962,260956,45700
2020,9,GENERAL,55404,808,69
2020,9,GRANEL LIQUIDO,34922,0,0
2020,9,GRANEL SOLIDO DIFER. DE CARBON,472324,10000,0
2020,10,CARBON AL GRANEL,0,137854,0
2020,10,CONTENEDORES,476353,316070,44013
2020,10,GENERAL,56405,126,267
2020,10,GRANEL LIQUIDO,34131,5140,0
2020,10,GRANEL SOLIDO DIFER. DE CARBON,424705,0,0
2020,11,CARBON AL GRANEL,0,0,0
2020,11,CONTENEDORES,509667,304174,42173
2020,11,GENERAL,73547,727,409
2020,11,GRANEL LIQUIDO,31679,9,0
2020,11,GRANEL SOLIDO DIFER. DE CARBON,433598,10000,0
2020,12,CARBON AL GRANEL,0,127632,0
2020,12,CONTENEDORES,506329,309085,122567
2020,12,GENERAL,111192,14,1644
2020,12,GRANEL LIQUIDO,47056,8570,0
2020,12,GRANEL SOLIDO DIFER. DE CARBON,470205,0,0
2021,1,CARBON AL GRANEL,0,48923,0
2021,1,CONTENEDORES,448625,223305,109607
2021,1,GENERAL,106497,220,1188
2021,1,GRANEL LIQUIDO,38850,3499,0
2021,1,GRANEL SOLIDO DIFER. DE CARBON,459208,9000,0
2021,2,CARBON AL GRANEL,0,147989,0
2021,2,CONTENEDORES,525724,315910,79834
2021,2,GENERAL,112028,119,4381
2021,2,GRANEL LIQUIDO,36851,0,0
2021,2,GRANEL SOLIDO DIFER. DE CARBON,413112,0,0
2021,3,CARBON AL GRANEL,0,79894,0
2021,3,CONTENEDORES,507123,274063,28330
2021,3,GENERAL,134939,22267,645
2021,3,GRANEL LIQUIDO,23315,0,0
2021,3,GRANEL SOLIDO DIFER. DE CARBON,546351,10000,0
2021,4,CARBON AL GRANEL,0,0,0
2021,4,CONTENEDORES,510134,268641,40646
2021,4,GENERAL,76157,158,12227
2021,4,GRANEL LIQUIDO,42420,0,0
2021,4,GRANEL SOLIDO DIFER. DE CARBON,575796,0,0
2021,5,CARBON AL GRANEL,111491,80326,0
2021,5,CONTENEDORES,520248,86757,118312
2021,5,GENERAL,163144,37,0
2021,5,GRANEL LIQUIDO,46253,3952,0
2021,5,GRANEL SOLIDO DIFER. DE CARBON,257234,9500,0
2021,6,CARBON AL GRANEL,0,0,0
2021,6,CONTENEDORES,324270,109300,6843
2021,6,GENERAL,63669,0,0
2021,6,GRANEL LIQUIDO,25530,0,0
2021,6,GRANEL SOLIDO DIFER. DE CARBON,394016,0,7179
2021,7,CARBON AL GRANEL,0,37890,0
2021,7,CONTENEDORES,312475,262100,24051
2021,7,GENERAL,218169,0,0
2021,7,GRANEL LIQUIDO,33355,0,0
2021,7,GRANEL SOLIDO DIFER. DE CARBON,496201,0,0
2021,8,CARBON AL GRANEL,0,91639,0
2021,8,CONTENEDORES,403958,303173,23335
2021,8,GENERAL,126402,92,19
2021,8,GRANEL LIQUIDO,38324,13242,0
2021,8,GRANEL SOLIDO DIFER. DE CARBON,425672,10500,0
2021,9,CARBON AL GRANEL,0,0,0
2021,9,CONTENEDORES,475562,219418,22865
2021,9,GENERAL,97102,10,369
2021,9,GRANEL LIQUIDO,50925,0,0
2021,9,GRANEL SOLIDO DIFER. DE CARBON,416505,7000,0
2021,10,CARBON AL GRANEL,78005,110887,0
2021,10,CONTENEDORES,580782,230694,65545
2021,10,GENERAL,121351,552,7160
2021,10,GRANEL LIQUIDO,47692,7710,0
2021,10,GRANEL SOLIDO DIFER. DE CARBON,505941,0,0
2021,11,CARBON AL GRANEL,0,111313,0
2021,11,CONTENEDORES,513221,232871,45908
2021,11,GENERAL,139978,7005,3890
2021,11,GRANEL LIQUIDO,57751,16100,0
2021,11,GRANEL SOLIDO DIFER. DE CARBON,485044,0,0
2021,12,CARBON AL GRANEL,23393,22605,0
2021,12,CONTENEDORES,639589,235296,144245
2021,12,GENERAL,114992,6837,4412
2021,12,GRANEL LIQUIDO,76144,0,0
2021,12,GRANEL SOLIDO DIFER. DE CARBON,542477,5121,0
2022,1,CARBON AL GRANEL,9325,85832,0
2022,1,CONTENEDORES,568020,183895,58246
2022,1,GENERAL,156662,0,1751
2022,1,GRANEL LIQUIDO,59750,0,0
2022,1,GRANEL SOLIDO DIFER. DE CARBON,474783,0,0
2022,2,CARBON AL GRANEL,0,83634,0
2022,2,CONTENEDORES,527571,230109,168729
2022,2,GENERAL,63148,0,5102
2022,2,GRANEL LIQUIDO,64702,0,0
2022,2,GRANEL SOLIDO DIFER. DE CARBON,405980,5000,0
2022,3,CARBON AL GRANEL,0,146329,0
2022,3,CONTENEDORES,561002,270241,42339
2022,3,GENERAL,140172,25233,2200
2022,3,GRANEL LIQUIDO,98246,0,0
2022,3,GRANEL SOLIDO DIFER. DE CARBON,614476,10500,0
2022,4,CARBON AL GRANEL,0,79200,0
2022,4,CONTENEDORES,453400,198434,30288
2022,4,GENERAL,109022,0,2
2022,4,GRANEL LIQUIDO,51891,1493,0
2022,4,GRANEL SOLIDO DIFER. DE CARBON,566179,0,0
2022,5,CARBON AL GRANEL,0,66756,0
2022,5,CONTENEDORES,484839,220769,47790
2022,5,GENERAL,151852,743,1534
2022,5,GRANEL LIQUIDO,12762,0,0
2022,5,GRANEL SOLIDO DIFER. DE CARBON,490741,0,0
2022,6,CARBON AL GRANEL,0,47016,0
2022,6,CONTENEDORES,564491,241797,47507
2022,6,GENERAL,107131,76238,2788
2022,6,GRANEL LIQUIDO,49076,9499,0
2022,6,GRANEL SOLIDO DIFER. DE CARBON,455991,0,0
2022,7,CARBON AL GRANEL,0,86144,0
2022,7,CONTENEDORES,575436,220134,96248
2022,7,GENERAL,147382,0,2611
2022,7,GRANEL LIQUIDO,36583,4500,0
2022,7,GRANEL SOLIDO DIFER. DE CARBON,458308,10300,0
2022,8,CARBON AL GRANEL,0,129301,0
2022,8,CONTENEDORES,651897,232681,64382
2022,8,GENERAL,122284,0,254
2022,8,GRANEL LIQUIDO,37760,998,0
2022,8,GRANEL SOLIDO DIFER. DE CARBON,404366,0,0
2022,9,CARBON AL GRANEL,0,101700,0
2022,9,CONTENEDORES,545404,240084,74177
2022,9,GENERAL,120706,16736,3807
2022,9,GRANEL LIQUIDO,50448,0,0
2022,9,GRANEL SOLIDO DIFER. DE CARBON,464170,0,0
2022,10,CARBON AL GRANEL,0,99596,0
2022,10,CONTENEDORES,502261,257216,61869
2022,10,GENERAL,168780,0,0
2022,10,GRANEL LIQUIDO,40816,23594,0
2022,10,GRANEL SOLIDO DIFER. DE CARBON,388359,10146,0
2022,11,CARBON AL GRANEL,0,39494,0
2022,11,CONTENEDORES,641413,252163,71761
2022,11,GENERAL,141592,8217,370
2022,11,GRANEL LIQUIDO,22000,1494,0
2022,11,GRANEL SOLIDO DIFER. DE CARBON,390474,79568,0
2022,12,CARBON AL GRANEL,0,79450,0
2022,12,CONTENEDORES,493721,240145,65413
2022,12,GENERAL,76885,7934,632
2022,12,GRANEL LIQUIDO,36036,0,0
2022,12,GRANEL SOLIDO DIFER. DE CARBON,477660,139559,0
2023,1,CARBON AL GRANEL,0,79063,0
2023,1,CONTENEDORES,462214,194619,69787
2023,1,GENERAL,123506,0,0
2023,1,GRANEL LIQUIDO,19673,0,0
2023,1,GRANEL SOLIDO DIFER. DE CARBON,386290,18466,0
2023,2,CARBON AL GRANEL,0,150888,0
2023,2,CONTENEDORES,495747,236874,61391
2023,2,GENERAL,148641,45,0
2023,2,GRANEL LIQUIDO,16685,11471,0
2023,2,GRANEL SOLIDO DIFER. DE CARBON,421999,0,0
2023,3,CARBON AL GRANEL,0,136464,0
2023,3,CONTENEDORES,463275,233995,58218
2023,3,GENERAL,35797,5556,114
2023,3,GRANEL LIQUIDO,47121,0,0
2023,3,GRANEL SOLIDO DIFER. DE CARBON,460698,156986,0
2023,4,CARBON AL GRANEL,0,84820,0
2023,4,CONTENEDORES,502714,204114,40555
2023,4,GENERAL,158641,10580,0
2023,4,GRANEL LIQUIDO,7207,0,0
2023,4,GRANEL SOLIDO DIFER. DE CARBON,631967,0,0
2023,5,CARBON AL GRANEL,0,46746,0
2023,5,CONTENEDORES,489335,234725,82820
2023,5,GENERAL,89717,0,0
2023,5,GRANEL LIQUIDO,42409,9493,0
2023,5,GRANEL SOLIDO DIFER. DE CARBON,537931,0,0
2023,6,CARBON AL GRANEL,0,83896,0
2023,6,CONTENEDORES,556379,234060,94848
2023,6,GENERAL,169112,602,1429
2023,6,GRANEL LIQUIDO,39221,1490,0
2023,6,GRANEL SOLIDO DIFER. DE CARBON,517502,253865,0
2023,7,CARBON AL GRANEL,0,16500,0
2023,7,CONTENEDORES,499518,247620,54418
2023,7,GENERAL,120022,421,242
2023,7,GRANEL LIQUIDO,41778,0,0
2023,7,GRANEL SOLIDO DIFER. DE CARBON,301733,0,0
2023,8,CARBON AL GRANEL,0,104500,0
2023,8,CONTENEDORES,486327,246252,38679
2023,8,GENERAL,97498,508,0
2023,8,GRANEL LIQUIDO,32490,9500,0
2023,8,GRANEL SOLIDO DIFER. DE CARBON,411474,0,0
2023,9,CARBON AL GRANEL,0,101150,0
2023,9,CONTENEDORES,466764,234714,37439
2023,9,GENERAL,77800,7337,0
2023,9,GRANEL LIQUIDO,11173,0,0
2023,9,GRANEL SOLIDO DIFER. DE CARBON,556338,86017,0
2023,10,CARBON AL GRANEL,0,52022,0
2023,10,CONTENEDORES,560633,259411,79441
2023,10,GENERAL,95829,166,2834
2023,10,GRANEL LIQUIDO,31721,0,0
2023,10,GRANEL SOLIDO DIFER. DE CARBON,450250,0,0
2023,11,CARBON AL GRANEL,0,54409,0
2023,11,CONTENEDORES,445720,203545,68440
2023,11,GENERAL,131368,646,0
2023,11,GRANEL LIQUIDO,23024,9343,0
2023,11,GRANEL SOLIDO DIFER. DE CARBON,347602,49500,0
2023,12,CARBON AL GRANEL,0,156678,0
2023,12,CONTENEDORES,615550,248030,105536
2023,12,GENERAL,105165,574,469
2023,12,GRANEL LIQUIDO,43503,0,0
2023,12,GRANEL SOLIDO DIFER. DE CARBON,464440,139550,0
2024,1,CARBON AL GRANEL,0,15270,0
2024,1,CONTENEDORES,511419,207414,140821
2024,1,GENERAL,105033,0,123
2024,1,GRANEL LIQUIDO,18169,0,0
2024,1,GRANEL SOLIDO DIFER. DE CARBON,419031,0,0
2024,2,CARBON AL GRANEL,0,192610,0
2024,2,CONTENEDORES,580542,268966,77514
2024,2,GENERAL,116884,235,760
2024,2,GRANEL LIQUIDO,43019,9310,0
2024,2,GRANEL SOLIDO DIFER. DE CARBON,324020,0,0
2024,3,CARBON AL GRANEL,0,97900,0
2024,3,CONTENEDORES,515560,258227,76792
2024,3,GENERAL,76552,6026,4267
2024,3,GRANEL LIQUIDO,40068,0,0
2024,3,GRANEL SOLIDO DIFER. DE CARBON,609032,10300,0
2024,4,CARBON AL GRANEL,0,129800,0
2024,4,CONTENEDORES,562492,252812,108565
2024,4,GENERAL,136426,62,3280
2024,4,GRANEL LIQUIDO,37761,12419,0
2024,4,GRANEL SOLIDO DIFER. DE CARBON,387147,0,0
2024,5,CARBON AL GRANEL,0,104400,0
2024,5,CONTENEDORES,608654,229470,42200
2024,5,GENERAL,142712,87,0
2024,5,GRANEL LIQUIDO,43761,0,0
2024,5,GRANEL SOLIDO DIFER. DE CARBON,465730,0,0
2024,6,CARBON AL GRANEL,0,74640,0
2024,6,CONTENEDORES,585018,285133,53781
2024,6,GENERAL,157396,0,608
2024,6,GRANEL LIQUIDO,37303,0,0
2024,6,GRANEL SOLIDO DIFER. DE CARBON,541165,0,0
2024,7,CARBON AL GRANEL,0,110000,0
2024,7,CONTENEDORES,555836,252161,66026
2024,7,GENERAL,142284,311,3073
2024,7,GRANEL LIQUIDO,35523,0,0
2024,7,GRANEL SOLIDO DIFER. DE CARBON,321051,10376,0
2024,8,CARBON AL GRANEL,0,0,0
2024,8,CONTENEDORES,639348,285948,154019
2024,8,GENERAL,168351,108,2447
2024,8,GRANEL LIQUIDO,41756,8790,0
2024,8,GRANEL SOLIDO DIFER. DE CARBON,448020,0,0
2024,9,CARBON AL GRANEL,0,165550,0
2024,9,CONTENEDORES,584528,292392,149595
2024,9,GENERAL,154511,120,6677
2024,9,GRANEL LIQUIDO,54824,0,0
2024,9,GRANEL SOLIDO DIFER. DE CARBON,398586,9200,0
2024,10,CARBON AL GRANEL,0,67964,0
2024,10,CONTENEDORES,621116,259849,112213
2024,10,GENERAL,118018,160,4507
2024,10,GRANEL LIQUIDO,57573,14997,0
2024,10,GRANEL SOLIDO DIFER. DE CARBON,381991,0,0
2024,11,CARBON AL GRANEL,0,111035,0
2024,11,CONTENEDORES,798997,341349,147257
2024,11,GENERAL,159565,179,2631
2024,11,GRANEL LIQUIDO,55573,0,0
2024,11,GRANEL SOLIDO DIFER. DE CARBON,466417,0,0
2024,12,CARBON AL GRANEL,0,0,0
2024,12,CONTENEDORES,830296,352204,167711
2024,12,GENERAL,133368,237,0
2024,12,GRANEL LIQUIDO,15084,0,0
2024,12,GRANEL SOLIDO DIFER. DE CARBON,452524,9500,0
2025,1,CARBON AL GRANEL,0,104645,0
2025,1,CONTENEDORES,894785,275483,168421
2025,1,GENERAL,222646,263,0
2025,1,GRANEL LIQUIDO,57482,9500,0
2025,1,GRANEL SOLIDO DIFER. DE CARBON,498668,0,0
2025,2,CARBON AL GRANEL,0,0,0
2025,2,CONTENEDORES,652793,253530,115523
2025,2,GENERAL,144317,17923,0
2025,2,GRANEL LIQUIDO,46796,0,0
2025,2,GRANEL SOLIDO DIFER. DE CARBON,417409,0,0
2025,3,CARBON AL GRANEL,0,100000,0
2025,3,CONTENEDORES,644145,249890,124397
2025,3,GENERAL,86170,86,0
2025,3,GRANEL LIQUIDO,51695,9527,0
2025,3,GRANEL SOLIDO DIFER. DE CARBON,584223,9250,0
2025,4,CARBON AL GRANEL,0,60200,0
2025,4,CONTENEDORES,702277,156767,91206
2025,4,GENERAL,152800,97,0
2025,4,GRANEL LIQUIDO,46942,0,0
2025,4,GRANEL SOLIDO DIFER. DE CARBON,620001,0,0
2025,5,CARBON AL GRANEL,0,29703,0
2025,5,CONTENEDORES,784063,231738,120164
2025,5,GENERAL,163184,50,0
2025,5,GRANEL LIQUIDO,52076,0,0
2025,5,GRANEL SOLIDO DIFER. DE CARBON,451426,0,0
2025,6,CARBON AL GRANEL,0,55000,0
2025,6,CONTENEDORES,715645,254048,123721
2025,6,GENERAL,176370,0,0
2025,6,GRANEL LIQUIDO,65651,0,0
2025,6,GRANEL SOLIDO DIFER. DE CARBON,645123,8602,0
2025,7,CARBON AL GRANEL,0,122446,0
2025,7,CONTENEDORES,765918,257001,109194
2025,7,GENERAL,123976,379,0
2025,7,GRANEL LIQUIDO,17785,9500,0
2025,7,GRANEL SOLIDO DIFER. DE CARBON,409631,0,0
2025,8,CARBON AL GRANEL,0,0,0
2025,8,CONTENEDORES,784754,283867,118021
2025,8,GENERAL,160325,838,0
2025,8,GRANEL LIQUIDO,66634,0,0
2025,8,GRANEL SOLIDO DIFER. DE CARBON,500068,0,0
2025,9,CARBON AL GRANEL,0,58670,0
2025,9,CONTENEDORES,753927,296759,110060
2025,9,GENERAL,200590,57,0
2025,9,GRANEL LIQUIDO,69039,11444,0
2025,9,GRANEL SOLIDO DIFER. DE CARBON,394493,0,0
2025,10,CARBON AL GRANEL,0,55000,0
2025,10,CONTENEDORES,800365,271326,108865
2025,10,GENERAL,140407,20,0
2025,10,GRANEL LIQUIDO,45245,10097,0
2025,10,GRANEL SOLIDO DIFER. DE CARBON,446498,8000,0
2025,11,CARBON AL GRANEL,0,54232,0
2025,11,CONTENEDORES,709908,270857,98331
2025,11,GENERAL,167142,25000,0
2025,11,GRANEL LIQUIDO,53120,3512,0
2025,11,GRANEL SOLIDO DIFER. DE CARBON,422040,0,0
2025,12,CARBON AL GRANEL,0,156215,0
2025,12,CONTENEDORES,851012,275854,72584
2025,12,GENERAL,83735,125,0
2025,12,GRANEL LIQUIDO,58697,16764,0
2025,12,GRANEL SOLIDO DIFER. DE CARBON,463914,0,0
2026,1,CARBON AL GRANEL,0,60400,0
2026,1,CONTENEDORES,736785,206015,75008
2026,1,GENERAL,218226,11,0
2026,1,GRANEL LIQUIDO,24737,10834,0
2026,1,GRANEL SOLIDO DIFER. DE CARBON,319544,6900,0
2026,2,CARBON AL GRANEL,0,84072,0
2026,2,CONTENEDORES,729829,263624,85368
2026,2,GENERAL,125627,0,0
2026,2,GRANEL LIQUIDO,46063,1010,0
2026,2,GRANEL SOLIDO DIFER. DE CARBON,528701,0,0
2026,3,CARBON AL GRANEL,0,60500,0
2026,3,CONTENEDORES,706432,259224,98735
2026,3,GENERAL,195142,17,0
2026,3,GRANEL LIQUIDO,48915,0,0
2026,3,GRANEL SOLIDO DIFER. DE CARBON,540846,4000,0
2026,4,CARBON AL GRANEL,0,116250,0
2026,4,CONTENEDORES,687770,240043,82304
2026,4,GENERAL,165516,0,0
2026,4,GRANEL LIQUIDO,51409,11212,0
2026,4,GRANEL SOLIDO DIFER. DE CARBON,447796,0,0
2026,5,CARBON AL GRANEL,0,60500,0
2026,5,CONTENEDORES,858599,223476,71750
2026,5,GENERAL,165354,231,0
2026,5,GRANEL LIQUIDO,50033,1511,0
2026,5,GRANEL SOLIDO DIFER. DE CARBON,315638,0,0
2026,6,CARBON AL GRANEL,0,56020,0
2026,6,CONTENEDORES,711287,268409,53016
2026,6,GENERAL,207237,0,0
2026,6,GRANEL LIQUIDO,26109,9526,0
2026,6,GRANEL SOLIDO DIFER. DE CARBON,510649,5500,0
